21:22:26,foodcourt,13
21:22:27,entrance,27
21:22:28,retail,3
21:22:28,foodcourt,12
21:22:28,entrance,25
21:22:29,entrance,27
21:22:29,retail,4
21:22:29,foodcourt,11
21:22:30,entrance,27
21:22:30,retail,4
21:22:30,foodcourt,14
21:22:31,entrance,28
21:22:31,retail,7
21:22:31,foodcourt,14
21:22:32,entrance,29
21:22:33,retail,9
21:22:33,foodcourt,15
21:22:33,entrance,28
21:22:34,retail,10
21:22:34,foodcourt,14
21:22:35,entrance,26
21:22:35,retail,8
21:22:35,foodcourt,16
21:22:36,entrance,25
21:22:36,retail,7
21:22:36,foodcourt,14
21:22:37,entrance,27
21:22:37,foodcourt,16
21:22:37,retail,8
21:22:38,entrance,26
21:22:39,retail,8
21:22:39,foodcourt,17
21:22:39,entrance,28
21:22:40,retail,7
21:22:40,foodcourt,15
21:22:40,entrance,29
21:22:41,retail,7
21:22:41,foodcourt,13
21:22:42,entrance,28
21:22:42,foodcourt,11
21:22:42,retail,8
21:22:43,entrance,30
21:22:43,foodcourt,12
21:22:44,retail,10
21:22:44,entrance,27
21:22:45,foodcourt,12
21:22:45,retail,9
21:22:45,entrance,31
21:22:46,foodcourt,14
21:22:46,retail,8
21:22:47,entrance,29
21:22:47,foodcourt,13
21:22:47,retail,7
21:22:48,entrance,27
21:22:48,foodcourt,13
21:22:49,retail,9
21:22:49,entrance,28
21:22:50,foodcourt,14
21:22:50,retail,12
21:22:51,entrance,30
21:22:51,foodcourt,14
21:22:51,retail,10
21:22:52,foodcourt,14
21:22:52,entrance,29
21:22:52,retail,10
21:22:53,foodcourt,13
21:22:53,retail,11
21:22:53,entrance,26
21:22:54,foodcourt,15
21:22:55,retail,11
21:22:55,entrance,26
21:22:55,foodcourt,15
21:22:56,retail,9
21:22:56,entrance,24
21:22:57,foodcourt,15
21:22:57,retail,8
21:22:58,entrance,29
21:22:58,foodcourt,17
21:22:58,retail,8
21:22:59,foodcourt,15
21:22:59,entrance,30
21:22:59,retail,8
21:23:00,foodcourt,15
21:23:00,entrance,26
21:23:01,retail,8
21:23:01,foodcourt,15
21:23:02,entrance,27
21:23:02,retail,8
21:23:02,foodcourt,16
21:23:03,entrance,26
21:23:03,retail,6
21:23:04,foodcourt,15
21:23:04,entrance,28
21:23:05,retail,7
21:23:05,foodcourt,15
21:23:05,entrance,26
21:23:06,retail,3
21:23:06,foodcourt,16
21:23:06,entrance,26
21:23:07,retail,6
21:23:07,foodcourt,16
21:23:08,entrance,27
21:23:09,retail,7
16
21:23:09,entrance,25
21:23:10,retail,7
21:23:10,foodcourt,17
21:23:10,entrance,27
21:23:11,retail,8
21:23:11,foodcourt,17
21:23:12,entrance,27
21:23:12,retail,11
21:23:12,foodcourt,17
21:23:13,entrance,26
21:23:14,retail,8
21:23:14,foodcourt,19
21:23:14,entrance,24
21:23:15,retail,8
21:23:15,foodcourt,17
21:23:16,entrance,25
21:23:16,retail,8
21:23:16,foodcourt,18
21:23:17,entrance,26
21:23:17,retail,6
21:23:17,foodcourt,15
21:23:18,entrance,27
21:23:18,retail,10
21:23:18,foodcourt,16
21:23:19,entrance,26
21:23:20,retail,7
21:23:20,foodcourt,17
21:23:21,entrance,26
21:23:21,retail,8
21:23:21,foodcourt,18
21:23:22,entrance,24
21:23:22,retail,11
21:23:22,foodcourt,17
21:23:23,retail,10
21:23:23,foodcourt,16
21:23:24,entrance,21
21:23:25,entrance,23
21:23:25,retail,9
21:23:25,foodcourt,14
21:23:26,retail,11
21:23:26,foodcourt,14
21:23:26,entrance,25
21:23:27,entrance,21
21:23:28,retail,12
21:23:28,foodcourt,19
21:23:28,entrance,21
21:23:30,entrance,21
21:23:30,retail,12
21:23:30,foodcourt,17
21:23:31,foodcourt,14
21:23:31,retail,10
21:23:31,entrance,18
21:23:32,entrance,22
21:23:33,retail,12
21:23:33,foodcourt,13
21:23:33,entrance,20
21:23:34,retail,12
21:23:34,foodcourt,14
21:23:35,entrance,18
21:23:35,retail,12
21:23:35,foodcourt,17
21:23:36,entrance,20
21:23:37,retail,11
21:23:37,foodcourt,13
21:23:37,entrance,22
21:23:38,retail,11
21:23:38,foodcourt,15
21:23:39,entrance,20
21:23:39,retail,9
21:23:39,foodcourt,12
21:23:40,entrance,21
21:23:40,retail,12
21:23:40,foodcourt,13
21:23:41,entrance,20
21:23:42,retail,14
21:23:42,foodcourt,15
21:23:43,retail,9
21:23:43,entrance,22
21:23:43,foodcourt,14
21:23:44,entrance,20
21:23:44,retail,10
21:23:44,foodcourt,15
21:23:45,entrance,22
21:23:45,retail,8
21:23:45,foodcourt,15
21:23:47,entrance,21
21:23:47,retail,11
21:23:47,foodcourt,12
21:23:48,retail,13
21:23:48,entrance,22
21:23:48,foodcourt,12
21:23:49,retail,15
21:23:49,foodcourt,14
21:23:49,entrance,22
21:23:50,retail,14
21:23:50,foodcourt,15
21:23:51,entrance,21
21:23:52,retail,14
21:23:52,foodcourt,16
21:23:52,entrance,19
21:23:53,retail,12
21:23:53,foodcourt,15
21:23:54,entrance,21
21:23:54,retail,11
21:23:54,foodcourt,15
21:23:55,entrance,23
21:23:56,retail,11
21:23:56,foodcourt,16
21:23:56,entrance,25
21:23:57,retail,9
21:23:57,foodcourt,16
21:23:57,entrance,23
21:23:58,retail,14
21:23:58,foodcourt,14
21:23:59,entrance,29
21:23:59,retail,9
21:23:59,foodcourt,16
21:24:00,entrance,28
21:24:00,retail,12
21:24:00,foodcourt,17
21:24:02,retail,13
21:24:02,foodcourt,15
21:24:03,retail,14
21:24:03,foodcourt,16
21:24:04,retail,11
21:24:04,foodcourt,13
21:24:05,foodcourt,13
21:24:05,retail,9
21:24:06,retail,8
21:24:06,foodcourt,13
21:24:07,retail,11
21:24:07,foodcourt,11
21:24:09,retail,11
21:24:09,foodcourt,12
21:24:10,retail,10
21:24:10,foodcourt,14
21:24:11,retail,11
21:24:11,foodcourt,11
21:24:12,retail,8
21:24:12,foodcourt,15
21:24:13,retail,7
21:24:13,foodcourt,17
21:24:14,retail,6
21:24:14,foodcourt,13
21:24:15,foodcourt,11
21:24:15,retail,10
21:24:17,retail,7
21:24:17,foodcourt,16
21:24:18,retail,9
21:24:18,foodcourt,15
21:24:19,retail,4
21:24:19,foodcourt,15
21:24:20,retail,8
21:24:20,foodcourt,11
21:24:21,retail,3
21:24:21,foodcourt,20
21:24:22,retail,5
21:24:22,foodcourt,12
21:24:23,retail,3
21:24:23,foodcourt,15
21:24:25,retail,8
21:24:25,foodcourt,11
21:24:26,retail,6
21:24:26,foodcourt,11
21:24:27,retail,8
21:24:27,foodcourt,10
21:24:28,retail,5
21:24:28,foodcourt,15
21:24:29,retail,9
21:24:29,foodcourt,16
21:24:30,retail,6
21:24:30,foodcourt,14
21:24:31,retail,7
21:24:31,foodcourt,14
21:24:32,retail,6
21:24:32,foodcourt,15
21:24:33,retail,2
21:24:33,foodcourt,14
21:24:34,retail,3
21:24:35,foodcourt,13
21:24:36,retail,3
21:24:36,foodcourt,14
21:24:37,retail,6
21:24:37,foodcourt,11
21:24:38,retail,2
21:24:38,foodcourt,16
21:24:39,retail,3
21:24:39,foodcourt,17
21:24:40,retail,0
21:24:40,foodcourt,18
21:24:41,retail,4
21:24:41,foodcourt,16
21:24:42,retail,4
21:24:42,foodcourt,15
21:24:43,foodcourt,18
21:24:44,retail,3
21:24:44,foodcourt,15
21:24:45,retail,6
21:24:46,foodcourt,16
21:24:46,retail,8
21:24:47,foodcourt,15
21:24:47,retail,10
21:24:48,foodcourt,14
21:24:48,retail,13
21:24:49,foodcourt,15
21:24:50,retail,8
21:24:51,foodcourt,14
21:24:51,retail,9
21:24:52,foodcourt,13
21:24:52,retail,7
21:24:53,retail,7
21:24:53,foodcourt,11
21:24:54,retail,8
21:24:54,foodcourt,12
21:24:56,retail,8
21:24:56,foodcourt,12
21:24:57,retail,9
21:24:57,foodcourt,11
21:24:58,retail,7
21:24:58,foodcourt,13
21:24:59,retail,7
21:24:59,foodcourt,13
21:25:00,retail,7
21:25:01,foodcourt,11
21:25:01,retail,9
21:25:02,foodcourt,13
21:25:03,foodcourt,12
21:25:04,foodcourt,13
21:25:05,foodcourt,13
21:25:06,foodcourt,15
21:25:07,foodcourt,11
21:25:08,foodcourt,13
21:25:09,foodcourt,10
21:25:10,foodcourt,13
21:25:11,foodcourt,12
21:25:12,foodcourt,12
21:25:13,foodcourt,12
21:25:15,foodcourt,11
21:25:16,foodcourt,10
21:25:17,foodcourt,8
21:25:18,foodcourt,11
21:25:19,foodcourt,13
21:25:20,foodcourt,12
21:25:21,foodcourt,13
21:25:22,foodcourt,17
21:25:23,foodcourt,14
21:25:24,foodcourt,13
21:25:25,foodcourt,12
21:25:26,foodcourt,14
21:25:27,foodcourt,13
21:25:28,foodcourt,11
21:25:29,foodcourt,11
21:25:30,foodcourt,13
21:25:31,foodcourt,13
21:25:33,foodcourt,14
21:44:14,foodcourt,13
21:44:14,retail,6
21:44:14,entrance,27
21:44:15,foodcourt,11
21:44:15,retail,3
21:44:16,entrance,26
21:44:16,foodcourt,13
21:44:17,retail,4
21:44:17,entrance,27
21:44:18,foodcourt,13
21:44:18,retail,4
21:44:18,entrance,28
21:44:19,foodcourt,14
21:44:19,retail,8
21:44:20,entrance,29
21:44:20,foodcourt,13
21:44:20,retail,10
21:44:21,entrance,28
21:44:22,foodcourt,15
21:44:22,retail,10
21:44:22,entrance,27
21:44:23,foodcourt,14
21:44:23,entrance,25
21:44:23,retail,9
21:44:24,foodcourt,15
21:44:24,retail,9
21:44:25,entrance,22
21:44:25,foodcourt,16
21:44:25,retail,8
21:44:26,foodcourt,16
21:44:26,retail,7
21:44:27,entrance,26
21:44:28,foodcourt,13
21:44:28,retail,9
21:44:28,entrance,29
21:44:29,foodcourt,13
21:44:29,retail,8
21:44:29,entrance,29
21:44:30,foodcourt,11
21:44:30,retail,11
21:44:31,entrance,25
21:44:31,foodcourt,10
21:44:32,retail,10
21:44:32,entrance,30
21:44:32,foodcourt,12
21:44:33,retail,9
21:44:33,entrance,30
21:44:34,foodcourt,13
21:44:34,retail,8
21:44:35,entrance,27
21:44:35,foodcourt,13
21:44:35,retail,8
21:44:36,entrance,31
21:44:36,foodcourt,13
21:44:36,retail,7
21:44:37,entrance,33
21:44:37,foodcourt,14
21:44:38,entrance,26
21:44:38,retail,9
21:44:39,foodcourt,14
21:44:39,retail,9
21:44:40,entrance,26
21:44:40,foodcourt,14
21:44:41,entrance,27
21:44:41,retail,10
21:44:41,foodcourt,14
21:44:42,retail,11
21:44:42,entrance,25
21:44:42,foodcourt,13
21:44:43,entrance,29
21:44:44,retail,8
21:44:44,foodcourt,15
21:44:45,entrance,26
21:44:45,retail,11
21:44:45,foodcourt,15
21:44:46,retail,9
21:44:46,entrance,26
21:44:47,foodcourt,15
21:44:47,retail,8
21:44:47,entrance,26
21:44:48,foodcourt,14
21:44:49,entrance,24
21:44:49,retail,9
21:44:49,foodcourt,15
21:44:50,entrance,29
21:44:50,retail,8
21:44:51,foodcourt,15
21:44:51,entrance,30
21:44:51,retail,8
21:44:52,entrance,26
21:44:52,foodcourt,16
21:44:53,retail,6
21:44:53,entrance,25
21:44:53,foodcourt,15
21:44:54,retail,7
21:44:54,foodcourt,15
21:44:55,entrance,26
21:44:55,retail,3
21:44:56,foodcourt,16
21:44:56,entrance,26
21:44:56,retail,6
21:44:57,foodcourt,16
21:44:57,retail,7
21:44:57,entrance,24
21:44:58,foodcourt,17
21:44:58,retail,9
21:44:59,entrance,25
21:44:59,foodcourt,17
21:44:59,retail,8
21:45:00,foodcourt,17
21:45:01,retail,10
21:45:01,foodcourt,19
21:45:02,entrance,27
21:45:02,retail,8
21:45:02,foodcourt,18
21:45:03,entrance,27
21:45:03,retail,8
21:45:03,foodcourt,17
21:45:04,entrance,26
21:45:04,retail,7
21:45:05,foodcourt,16
21:45:05,retail,8
21:45:05,entrance,26
21:45:06,foodcourt,17
21:45:06,entrance,26
21:45:06,retail,8
21:45:07,foodcourt,18
21:45:08,retail,11
21:45:08,foodcourt,17
21:45:08,entrance,26
21:45:09,retail,10
21:45:09,foodcourt,16
21:45:09,entrance,26
21:45:10,retail,9
21:45:10,foodcourt,14
21:45:11,entrance,26
21:45:11,retail,11
21:45:11,foodcourt,16
21:45:13,retail,10
21:45:13,foodcourt,18
21:45:13,entrance,24
21:45:14,retail,11
21:45:14,foodcourt,17
21:45:14,entrance,21
21:45:15,retail,12
21:45:15,foodcourt,13
21:45:15,entrance,25
21:45:16,retail,12
21:45:16,foodcourt,14
21:45:17,entrance,21
21:45:17,foodcourt,16
21:45:17,retail,14
21:45:18,entrance,21
21:45:18,foodcourt,13
21:45:18,retail,12
21:45:20,entrance,19
21:45:20,retail,9
21:45:20,foodcourt,14
21:45:21,retail,12
21:45:21,foodcourt,12
21:45:21,entrance,19
21:45:22,foodcourt,13
21:45:22,retail,12
21:45:22,entrance,20
21:45:23,retail,9
21:45:23,foodcourt,15
21:45:24,entrance,22
21:45:24,retail,11
21:45:24,foodcourt,12
21:45:25,entrance,24
21:45:25,retail,12
21:45:25,foodcourt,15
21:45:27,retail,9
21:45:27,entrance,18
21:45:27,foodcourt,15
21:45:28,retail,13
21:45:28,foodcourt,13
21:45:28,entrance,22
21:45:29,foodcourt,13
21:45:29,retail,13
21:45:29,entrance,20
21:45:30,foodcourt,16
21:45:30,retail,12
21:45:31,foodcourt,15
21:55:55,entrance,27
21:55:55,retail,6
21:55:55,foodcourt,13
21:55:56,retail,3
21:55:56,foodcourt,12
21:55:56,entrance,25
21:55:57,retail,4
21:55:57,foodcourt,13
21:55:58,entrance,27
21:55:59,retail,4
21:55:59,foodcourt,13
21:56:00,retail,4
21:56:00,foodcourt,12
21:56:00,entrance,27
21:56:01,retail,4
21:56:01,foodcourt,13
21:56:01,entrance,28
21:56:02,retail,7
21:56:02,foodcourt,14
21:56:03,entrance,29
21:56:03,retail,9
21:56:03,foodcourt,15
21:56:04,entrance,28
21:56:05,retail,10
21:56:05,foodcourt,13
21:56:06,entrance,27
21:56:06,foodcourt,14
21:56:06,retail,10
21:56:07,entrance,25
21:56:07,foodcourt,16
21:56:07,retail,8
21:56:08,entrance,22
21:56:09,foodcourt,14
21:56:09,retail,7
21:56:10,entrance,25
21:56:10,retail,8
21:56:10,foodcourt,16
21:56:11,entrance,25
21:56:12,foodcourt,16
21:56:12,retail,8
21:56:13,entrance,29
21:56:13,retail,9
21:56:13,foodcourt,16
21:56:14,entrance,29
21:56:14,retail,7
21:56:14,foodcourt,15
21:56:15,entrance,29
21:56:16,retail,9
21:56:16,foodcourt,13
21:56:17,entrance,28
21:56:17,retail,9
21:56:17,foodcourt,13
21:56:18,entrance,30
21:56:18,retail,8
21:56:18,foodcourt,11
21:56:19,entrance,30
21:56:20,retail,10
21:56:20,foodcourt,10
21:56:20,entrance,27
21:56:21,retail,10
21:56:21,foodcourt,12
21:56:22,retail,10
21:56:22,entrance,31
21:56:22,foodcourt,13
21:56:23,retail,8
21:56:23,foodcourt,13
21:56:23,entrance,33
21:56:24,retail,8
21:56:24,foodcourt,13
21:56:25,entrance,26
21:56:26,retail,8
21:56:26,foodcourt,13
21:56:26,entrance,26
21:56:27,foodcourt,14
21:56:27,retail,7
21:56:28,entrance,27
21:56:28,retail,9
21:56:29,foodcourt,14
21:56:29,entrance,27
21:56:30,retail,10
21:56:30,foodcourt,14
21:56:31,entrance,30
21:56:31,foodcourt,14
21:56:31,retail,12
21:56:32,entrance,25
21:56:33,retail,10
21:56:33,foodcourt,14
21:56:34,entrance,27
21:56:35,retail,10
21:56:35,foodcourt,15
21:56:35,entrance,26
21:56:36,retail,11
21:56:36,foodcourt,13
21:56:37,entrance,25
21:56:37,retail,11
21:56:38,foodcourt,15
21:56:39,entrance,26
21:56:39,retail,11
21:56:39,foodcourt,15
21:56:40,retail,11
21:56:40,entrance,24
21:56:41,foodcourt,15
21:56:41,retail,12
21:56:42,entrance,24
21:56:42,foodcourt,15
21:56:43,retail,9
21:56:43,entrance,29
21:56:44,foodcourt,17
21:56:44,entrance,30
21:56:45,retail,9
21:56:45,foodcourt,15
21:56:46,retail,8
21:56:46,entrance,26
21:56:47,entrance,27
22:01:40,foodcourt,13
22:01:40,entrance,27
22:01:40,retail,6
22:01:41,foodcourt,12
22:01:41,entrance,25
22:01:41,retail,3
22:01:42,entrance,27
22:01:42,foodcourt,11
22:01:43,retail,4
22:01:43,entrance,27
22:01:44,retail,4
22:01:45,entrance,29
22:01:45,retail,9
22:01:46,entrance,28
22:01:47,retail,10
22:01:47,entrance,26
22:01:48,retail,8
22:01:48,entrance,22
22:01:49,retail,9
22:01:50,entrance,26
22:01:50,retail,8
22:01:51,retail,7
22:06:06,foodcourt,13
22:06:06,retail,6
22:06:06,entrance,27
22:06:07,retail,3
22:06:07,foodcourt,11
22:06:08,entrance,26
22:06:09,retail,4
13
22:06:09,entrance,27
22:06:10,retail,4
22:06:10,foodcourt,13
22:06:10,entrance,27
22:06:12,retail,7
22:06:12,entrance,29
22:06:13,retail,10
22:06:13,entrance,28
22:06:14,entrance,27
22:07:18,retail,6
22:07:18,foodcourt,13
22:07:18,entrance,27
22:07:19,foodcourt,11
22:07:19,retail,3
22:07:20,entrance,26
22:07:20,retail,4
22:07:20,foodcourt,11
22:07:21,entrance,27
22:07:21,retail,4
22:07:21,foodcourt,12
22:07:23,entrance,27
22:07:23,retail,4
22:07:23,foodcourt,13
22:07:24,entrance,29
22:07:24,retail,8
22:07:24,foodcourt,14
22:07:26,entrance,28
22:07:26,retail,10
22:07:26,foodcourt,13
22:07:27,retail,10
22:07:27,entrance,27
22:07:27,foodcourt,15
22:07:28,entrance,25
22:07:28,retail,8
22:07:28,foodcourt,14
22:07:29,entrance,22
22:07:29,retail,7
22:07:30,entrance,25
22:07:31,entrance,25
22:08:23,foodcourt,13
22:08:23,entrance,27
22:08:23,retail,6
22:08:24,retail,3
22:08:24,foodcourt,12
22:08:25,entrance,25
22:08:26,retail,4
22:08:26,foodcourt,13
22:08:26,entrance,27
22:08:27,retail,4
22:08:27,foodcourt,13
22:08:28,entrance,27
22:08:28,retail,4
22:08:28,foodcourt,14
22:08:29,entrance,28
22:08:29,retail,5
22:08:29,foodcourt,13
22:08:30,retail,8
22:08:30,entrance,29
22:08:31,foodcourt,15
22:08:32,retail,9
22:08:32,foodcourt,15
22:08:32,entrance,28
22:08:33,retail,10
22:08:34,foodcourt,14
22:08:34,entrance,27
22:08:35,retail,10
22:08:35,foodcourt,15
22:08:36,retail,8
22:08:36,entrance,25
22:08:37,foodcourt,16
22:08:38,retail,9
22:08:38,entrance,22
22:08:38,foodcourt,14
22:08:39,retail,7
22:08:40,entrance,25
22:08:40,foodcourt,15
22:08:41,retail,8
22:08:41,entrance,25
22:08:41,foodcourt,16
22:08:42,retail,8
22:08:43,entrance,29
22:08:43,foodcourt,17
22:08:44,retail,9
22:08:44,entrance,29
22:08:44,foodcourt,16
22:08:45,retail,7
22:08:46,retail,7
22:08:46,foodcourt,15
22:09:53,retail,6
22:09:53,foodcourt,13
22:09:54,entrance,27
22:09:54,retail,3
22:09:55,foodcourt,12
22:09:55,entrance,25
22:09:56,retail,4
22:09:57,foodcourt,13
22:09:57,retail,4
22:09:57,entrance,27
22:09:58,foodcourt,13
22:09:58,retail,4
22:09:59,entrance,27
22:09:59,foodcourt,13
22:09:59,retail,5
22:10:00,entrance,28
22:10:00,retail,8
22:10:01,foodcourt,14
22:10:01,entrance,29
22:10:02,retail,10
22:10:02,entrance,28
22:10:02,foodcourt,13
22:10:03,entrance,27
22:10:03,retail,10
22:10:03,foodcourt,15
22:10:04,entrance,25
22:10:04,retail,9
22:10:05,foodcourt,14
22:10:06,entrance,22
22:10:06,retail,7
22:10:06,foodcourt,15
22:10:07,retail,8
22:10:07,entrance,25
22:10:08,foodcourt,16
22:10:08,retail,8
22:10:09,entrance,25
22:10:09,foodcourt,16
22:10:10,retail,7
22:10:10,entrance,29
22:10:10,foodcourt,16
22:10:11,entrance,29
22:10:11,retail,9
22:10:11,foodcourt,15
22:10:12,entrance,25
22:10:12,retail,8
22:10:12,foodcourt,13
22:10:13,entrance,30
22:10:14,foodcourt,12
22:10:14,retail,10
22:10:14,entrance,30
22:10:15,foodcourt,12
22:10:15,retail,10
22:10:16,entrance,27
22:10:16,foodcourt,13
22:10:16,retail,9
22:10:17,entrance,31
22:10:17,foodcourt,13
22:10:18,retail,8
22:10:18,entrance,33
22:10:19,retail,9
22:10:19,foodcourt,13
22:10:20,entrance,26
22:10:20,retail,7
22:10:20,foodcourt,13
22:10:21,entrance,26
22:10:22,retail,7
22:10:22,foodcourt,14
22:10:23,entrance,27
22:10:24,retail,10
22:10:24,foodcourt,14
22:10:24,entrance,27
22:10:25,retail,12
22:10:25,foodcourt,14
22:10:26,entrance,25
22:10:26,retail,10
22:10:26,foodcourt,14
22:10:27,entrance,29
22:10:28,foodcourt,14
22:10:28,retail,10
22:10:29,entrance,26
22:10:29,foodcourt,13
22:10:30,retail,10
22:10:30,entrance,26
22:10:31,retail,12
22:10:31,foodcourt,14
22:10:32,entrance,26
22:12:26,foodcourt,13
22:12:26,retail,6
22:12:26,entrance,27
22:12:27,retail,3
22:12:27,foodcourt,12
22:12:27,entrance,25
22:12:28,retail,4
22:12:28,foodcourt,13
22:12:29,entrance,27
22:12:30,retail,4
22:12:30,foodcourt,13
22:12:31,entrance,27
22:12:32,retail,4
22:12:32,foodcourt,14
22:12:32,entrance,27
22:12:33,retail,4
22:12:33,foodcourt,13
22:12:34,entrance,28
22:12:34,retail,5
22:12:34,foodcourt,13
22:12:35,entrance,29
22:12:36,retail,8
22:12:36,foodcourt,14
22:12:36,entrance,27
22:12:37,retail,9
22:12:37,foodcourt,15
22:12:38,entrance,27
22:12:39,foodcourt,14
22:12:39,retail,11
22:12:39,entrance,27
22:12:40,retail,10
22:12:40,foodcourt,15
22:12:40,entrance,25
22:12:41,foodcourt,16
22:12:42,entrance,25
22:12:42,retail,8
22:12:42,foodcourt,16
22:12:43,entrance,22
22:12:44,retail,7
22:12:44,foodcourt,14
22:12:45,entrance,25
22:12:45,retail,9
22:12:45,foodcourt,15
22:12:46,entrance,25
22:12:46,retail,6
22:12:46,foodcourt,16
22:12:47,retail,8
22:12:47,foodcourt,17
22:12:48,entrance,29
22:12:49,retail,7
22:12:49,foodcourt,16
22:12:49,entrance,29
22:12:50,entrance,29
22:12:51,retail,7
22:12:52,entrance,25
22:12:53,entrance,30
22:15:27,retail,6
22:15:27,foodcourt,13
22:15:27,entrance,27
22:15:29,retail,3
22:15:29,foodcourt,11
22:15:29,entrance,26
22:15:30,retail,4
22:15:30,foodcourt,11
22:15:31,entrance,27
22:15:32,retail,4
22:15:32,foodcourt,12
22:15:33,entrance,27
22:15:33,retail,4
22:15:33,foodcourt,13
22:15:34,retail,8
22:15:34,foodcourt,14
22:15:34,entrance,29
22:15:35,foodcourt,15
22:15:35,retail,9
22:15:35,entrance,28
22:15:36,retail,11
22:15:36,foodcourt,14
22:15:37,entrance,27
22:15:37,retail,10
22:15:38,foodcourt,15
22:15:38,entrance,25
22:15:39,retail,8
22:15:39,foodcourt,16
22:15:39,entrance,22
22:15:40,retail,7
22:15:40,foodcourt,15
22:15:41,entrance,26
22:15:41,retail,6
22:15:42,foodcourt,16
22:15:42,entrance,25
22:15:42,retail,8
22:15:43,foodcourt,17
22:15:43,entrance,29
22:15:44,retail,7
22:15:44,foodcourt,15
22:15:44,entrance,29
22:15:45,retail,9
22:15:46,foodcourt,13
22:15:46,entrance,28
22:15:46,retail,9
22:15:47,foodcourt,13
22:15:47,entrance,31
22:15:47,retail,8
22:15:48,foodcourt,10
22:15:49,entrance,27
22:15:49,retail,10
22:15:49,foodcourt,12
22:15:50,entrance,31
22:15:50,retail,9
22:15:50,foodcourt,13
22:15:51,entrance,33
22:15:51,retail,8
22:15:52,foodcourt,13
22:15:52,entrance,26
22:15:53,retail,9
22:15:53,foodcourt,13
22:15:53,entrance,26
22:15:54,retail,7
22:15:54,foodcourt,14
22:15:54,entrance,27
22:15:55,retail,9
22:15:56,foodcourt,14
22:15:56,entrance,30
22:15:56,retail,9
22:15:57,foodcourt,14
22:15:57,entrance,25
22:15:58,retail,10
22:15:58,foodcourt,14
22:15:58,entrance,27
22:15:59,foodcourt,13
22:15:59,retail,11
22:15:59,entrance,26
22:16:00,retail,12
22:16:00,foodcourt,15
22:16:00,entrance,26
22:16:02,entrance,26
22:16:02,foodcourt,15
22:16:02,retail,11
22:16:03,entrance,24
22:16:03,retail,9
22:16:03,foodcourt,15
22:16:04,entrance,29
22:16:04,retail,9
22:16:04,foodcourt,14
22:16:05,entrance,30
22:16:05,foodcourt,15
22:16:06,retail,8
22:16:06,entrance,26
22:16:07,foodcourt,15
22:16:07,retail,9
22:16:07,entrance,27
22:16:08,foodcourt,16
22:16:08,entrance,24
22:16:09,retail,8
22:16:09,foodcourt,15
22:16:10,retail,8
22:16:10,entrance,26
22:16:11,foodcourt,15
22:16:11,entrance,25
22:16:11,retail,7
22:16:12,foodcourt,15
22:16:13,retail,7
22:16:13,entrance,26
22:16:13,foodcourt,16
22:16:14,retail,3
22:16:14,foodcourt,16
22:16:14,entrance,26
22:16:15,retail,6
22:16:15,entrance,25
22:16:15,foodcourt,17
22:16:16,retail,7
22:16:17,foodcourt,17
22:16:17,entrance,27
22:16:17,retail,9
22:16:18,foodcourt,18
22:16:18,entrance,27
22:16:19,retail,8
22:16:19,foodcourt,18
22:16:20,entrance,26
22:16:20,retail,9
22:16:21,foodcourt,17
22:16:21,entrance,26
22:16:22,retail,8
22:16:22,foodcourt,18
22:16:22,entrance,26
22:16:23,foodcourt,17
22:16:23,retail,8
22:16:24,entrance,26
22:16:24,retail,9
22:16:24,foodcourt,16
22:16:25,entrance,27
22:16:26,retail,10
22:16:26,foodcourt,17
22:16:26,entrance,26
22:16:27,retail,8
22:16:27,foodcourt,18
22:16:28,entrance,26
22:16:28,retail,7
22:16:29,entrance,25
22:16:29,retail,8
22:16:29,foodcourt,17
22:16:30,entrance,25
22:16:30,retail,10
22:16:31,foodcourt,15
22:16:32,retail,11
22:16:33,foodcourt,15
22:16:34,retail,13
22:16:35,retail,9
22:17:16,foodcourt,13
22:17:16,retail,6
22:17:16,entrance,27
22:17:17,retail,3
22:17:17,foodcourt,12
22:17:18,entrance,26
22:17:18,retail,4
22:17:18,foodcourt,11
22:17:19,entrance,27
22:17:19,retail,4
22:17:19,foodcourt,14
22:17:20,retail,5
22:17:20,foodcourt,13
22:17:20,entrance,28
22:17:21,retail,7
22:17:21,foodcourt,14
22:17:22,entrance,29
22:17:23,entrance,27
22:17:23,retail,9
22:17:23,foodcourt,15
22:17:24,retail,11
22:17:24,foodcourt,14
22:17:24,entrance,27
22:17:25,retail,10
22:17:25,foodcourt,15
22:17:25,entrance,26
22:17:26,retail,8
22:17:26,foodcourt,16
22:17:27,entrance,25
22:17:27,retail,7
22:17:27,foodcourt,14
22:17:28,entrance,27
22:17:28,retail,9
22:17:29,foodcourt,16
22:17:30,entrance,25
22:17:30,retail,8
22:17:30,foodcourt,17
22:17:31,entrance,29
22:17:31,retail,7
22:17:32,foodcourt,15
22:17:32,entrance,29
22:17:32,retail,9
22:17:33,foodcourt,13
22:17:33,entrance,25
22:17:34,retail,8
22:17:34,foodcourt,11
22:17:34,entrance,30
22:17:35,retail,10
22:17:36,entrance,30
22:17:37,retail,10
22:17:37,entrance,32
22:17:38,entrance,33
22:17:39,entrance,27
22:17:40,entrance,27
22:17:42,entrance,29
22:17:43,entrance,25
22:17:44,entrance,24
22:17:45,entrance,29
22:17:46,entrance,26
22:17:47,entrance,26
22:17:48,entrance,26
22:17:49,entrance,26
22:17:50,entrance,27
22:17:51,entrance,27
22:17:52,entrance,26
22:17:53,entrance,26
22:17:54,entrance,26
22:17:55,entrance,25
22:17:57,entrance,24
22:17:58,entrance,25
22:17:59,entrance,22
22:18:00,entrance,18
22:18:01,entrance,19
22:18:02,entrance,18
22:18:03,entrance,20
22:18:04,entrance,18
22:18:05,entrance,21
22:18:06,entrance,22
22:18:07,entrance,21
22:18:08,entrance,20
22:18:09,entrance,21
22:18:10,entrance,20
22:18:11,entrance,23
22:18:12,entrance,23
22:18:13,entrance,28
22:25:54,retail,6
22:25:54,foodcourt,13
22:25:55,entrance,27
22:25:55,retail,3
22:25:55,foodcourt,12
22:25:56,entrance,25
22:25:57,retail,4
22:25:57,foodcourt,13
22:25:58,retail,4
22:25:58,entrance,27
22:25:58,foodcourt,13
22:25:59,retail,4
22:25:59,entrance,27
22:25:59,foodcourt,13
22:26:00,entrance,28
22:26:00,foodcourt,14
22:26:00,retail,7
22:26:01,entrance,27
22:26:01,foodcourt,15
22:26:02,retail,9
22:26:03,entrance,27
22:26:03,foodcourt,14
22:26:03,retail,10
22:26:04,foodcourt,16
22:26:04,retail,8
22:26:04,entrance,25
22:26:05,entrance,22
22:26:05,retail,7
22:26:05,foodcourt,15
22:26:06,retail,6
22:26:07,foodcourt,16
22:26:07,entrance,26
22:26:08,retail,8
22:26:08,foodcourt,17
22:26:08,entrance,28
22:26:09,foodcourt,16
22:26:10,entrance,29
22:26:10,retail,7
22:26:10,foodcourt,15
22:26:11,entrance,29
22:26:11,retail,7
22:26:12,foodcourt,13
22:26:12,retail,7
22:26:12,entrance,25
22:26:13,foodcourt,13
22:26:13,retail,8
22:26:14,entrance,31
22:26:14,foodcourt,10
22:26:15,retail,11
22:26:15,entrance,27
22:26:15,foodcourt,12
22:26:16,retail,10
22:26:16,entrance,31
22:26:17,foodcourt,13
22:26:17,retail,8
22:26:18,entrance,29
22:26:18,foodcourt,13
22:26:18,retail,8
22:26:19,foodcourt,14
22:26:20,entrance,26
22:26:20,retail,7
22:26:21,foodcourt,14
22:26:21,retail,10
22:26:21,entrance,27
22:26:22,foodcourt,14
22:26:22,entrance,30
22:26:23,retail,9
22:26:23,foodcourt,14
22:26:23,entrance,25
22:26:24,retail,10
22:26:24,entrance,27
22:26:25,foodcourt,13
22:26:25,retail,11
22:26:26,entrance,26
22:26:26,foodcourt,15
22:26:27,retail,11
22:26:28,entrance,26
22:26:28,foodcourt,15
22:26:28,retail,11
22:26:29,entrance,26
22:26:30,foodcourt,15
22:26:30,retail,12
22:26:31,entrance,24
22:26:31,foodcourt,15
22:26:31,retail,9
22:26:32,entrance,24
22:26:32,foodcourt,15
22:26:33,retail,9
22:26:33,entrance,29
22:26:33,foodcourt,17
22:26:34,retail,9
22:26:34,entrance,29
22:26:35,retail,8
22:26:35,foodcourt,15
22:26:36,entrance,30
22:26:36,retail,8
22:26:36,foodcourt,15
22:26:37,entrance,26
22:26:38,foodcourt,15
22:26:38,retail,9
22:26:39,foodcourt,15
22:26:39,entrance,26
22:26:40,retail,9
22:26:41,entrance,27
22:26:42,entrance,24
22:26:43,entrance,26
22:26:44,entrance,26
22:26:46,entrance,24
22:26:47,entrance,25
22:26:48,entrance,27
22:26:49,entrance,26
22:26:50,entrance,24
22:26:51,entrance,26
22:26:53,entrance,26
22:26:54,entrance,26
22:26:55,entrance,24
22:26:56,entrance,22
22:26:57,entrance,25
22:26:58,entrance,21
22:27:00,entrance,18
22:27:01,entrance,19
22:27:02,entrance,18
22:27:03,entrance,20
22:27:04,entrance,21
22:27:05,entrance,20
22:27:06,entrance,22
22:27:08,entrance,20
22:27:09,entrance,21
22:27:10,entrance,23
22:27:11,entrance,22
22:27:12,entrance,19
22:27:13,entrance,21
22:27:15,entrance,25
22:27:16,entrance,29
22:36:27,foodcourt,13
22:36:27,retail,6
22:36:27,entrance,27
22:36:28,entrance,25
22:36:28,retail,3
22:36:28,foodcourt,11
22:36:29,entrance,27
22:36:30,retail,4
22:36:30,foodcourt,13
22:36:30,entrance,27
22:36:31,retail,4
22:36:32,foodcourt,13
22:36:32,entrance,28
22:36:33,foodcourt,14
22:36:33,entrance,29
22:36:34,entrance,27
22:41:25,foodcourt,13
22:41:25,retail,6
22:41:26,entrance,27
22:41:26,foodcourt,11
22:41:26,retail,3
22:41:27,entrance,26
22:41:28,retail,4
22:41:28,foodcourt,11
22:41:29,entrance,27
22:41:29,retail,4
22:41:29,foodcourt,12
22:41:30,retail,4
22:41:30,entrance,27
22:41:30,foodcourt,13
22:41:31,retail,8
22:41:32,foodcourt,14
22:41:32,entrance,29
22:41:33,foodcourt,15
22:41:33,retail,10
22:41:33,entrance,28
22:41:34,foodcourt,14
22:41:34,entrance,27
22:41:34,retail,10
22:41:35,foodcourt,15
22:41:36,retail,8
22:41:36,entrance,25
22:41:36,foodcourt,16
22:41:37,retail,7
22:41:37,entrance,22
22:41:37,foodcourt,14
22:41:38,retail,9
22:41:39,foodcourt,15
22:41:39,entrance,25
22:41:39,retail,6
22:41:40,foodcourt,16
22:41:40,entrance,25
22:41:41,retail,8
22:41:42,foodcourt,17
22:41:42,entrance,29
22:41:42,retail,7
22:41:43,foodcourt,16
22:41:43,retail,7
22:41:44,entrance,29
22:41:44,foodcourt,15
22:41:45,retail,7
22:41:46,entrance,25
22:41:46,foodcourt,13
22:41:47,retail,8
22:41:47,entrance,30
22:41:48,foodcourt,13
22:41:48,entrance,31
22:41:49,retail,8
22:41:49,foodcourt,11
22:41:49,entrance,30
22:41:50,foodcourt,12
22:41:51,retail,11
22:41:51,entrance,27
22:41:52,foodcourt,11
22:41:52,retail,10
22:41:52,entrance,32
22:41:53,foodcourt,12
22:41:53,retail,9
22:41:54,entrance,31
22:41:54,foodcourt,14
22:41:55,retail,8
22:41:55,entrance,29
22:41:56,foodcourt,13
22:41:56,retail,9
22:41:57,entrance,27
22:41:57,foodcourt,13
22:41:58,retail,7
22:41:58,entrance,28
22:41:59,foodcourt,13
22:41:59,retail,7
22:42:00,entrance,27
22:42:01,foodcourt,14
22:42:01,retail,10
22:42:01,entrance,30
22:42:02,retail,12
22:42:02,foodcourt,14
22:42:02,entrance,25
22:42:03,retail,10
22:42:03,foodcourt,14
22:44:11,retail,6
22:44:12,entrance,27
22:44:12,foodcourt,13
22:44:12,retail,3
22:44:13,entrance,25
22:44:13,foodcourt,11
22:44:14,retail,4
22:44:14,entrance,27
22:44:15,foodcourt,11
22:44:15,retail,4
22:44:16,foodcourt,12
22:44:16,entrance,27
22:44:16,retail,4
22:44:17,foodcourt,13
22:44:17,entrance,28
22:44:18,retail,5
22:44:19,foodcourt,14
22:44:19,retail,8
22:44:19,entrance,29
22:44:20,foodcourt,15
22:44:20,retail,9
22:44:21,entrance,28
22:44:22,retail,10
22:44:22,foodcourt,13
22:44:22,entrance,27
22:44:23,retail,10
22:44:23,foodcourt,14
22:44:24,entrance,26
22:44:25,retail,8
22:44:25,foodcourt,16
22:44:25,entrance,25
22:44:26,retail,9
22:44:26,foodcourt,14
22:44:26,entrance,22
22:44:27,retail,7
22:44:27,foodcourt,15
22:44:28,entrance,25
22:44:28,retail,8
22:44:29,foodcourt,16
22:44:29,entrance,25
22:44:30,retail,8
22:44:30,foodcourt,16
22:44:30,entrance,28
22:44:31,retail,8
22:44:32,foodcourt,17
22:44:32,entrance,29
22:44:32,retail,9
22:44:33,foodcourt,16
22:44:33,retail,7
22:44:34,entrance,29
22:44:34,foodcourt,15
22:44:35,retail,9
22:44:35,entrance,25
22:44:36,foodcourt,13
22:44:36,retail,9
22:44:37,entrance,30
22:44:37,foodcourt,11
22:44:38,retail,8
22:44:38,entrance,30
22:44:39,foodcourt,11
22:44:39,retail,10
22:44:39,entrance,27
22:44:40,foodcourt,13
22:44:40,retail,9
22:44:41,retail,8
22:44:42,foodcourt,13
22:44:43,foodcourt,13
22:49:53,retail,6
22:49:53,foodcourt,13
22:49:54,entrance,27
22:49:54,retail,5
22:49:54,foodcourt,10
22:49:56,entrance,25
22:49:56,retail,3
22:49:56,foodcourt,11
22:49:57,entrance,27
22:49:57,retail,4
22:49:58,foodcourt,13
22:49:58,entrance,27
22:49:58,retail,4
22:49:59,foodcourt,14
22:49:59,entrance,27
22:50:00,retail,5
22:50:00,foodcourt,13
22:50:01,entrance,29
22:50:01,retail,8
22:50:02,foodcourt,14
22:50:03,entrance,27
22:50:03,retail,9
22:50:03,foodcourt,15
22:50:04,retail,11
22:50:04,entrance,27
22:50:04,foodcourt,14
22:50:05,retail,10
22:50:05,foodcourt,15
22:50:06,entrance,26
22:50:06,retail,8
22:50:07,foodcourt,16
22:50:07,entrance,25
22:50:08,retail,8
22:50:08,foodcourt,16
22:50:09,entrance,22
22:50:09,retail,7
22:50:09,foodcourt,14
22:50:10,retail,7
22:50:10,entrance,27
22:50:11,foodcourt,15
22:50:12,retail,8
22:50:12,entrance,26
22:50:13,foodcourt,16
22:50:13,entrance,25
22:50:14,entrance,29
22:51:53,retail,6
22:51:53,entrance,27
22:51:54,foodcourt,13
22:51:54,retail,3
22:51:55,entrance,25
22:51:55,foodcourt,12
22:51:56,retail,4
22:51:56,foodcourt,13
22:51:56,entrance,27
22:51:57,retail,4
22:51:57,foodcourt,13
22:51:58,entrance,27
22:51:58,retail,4
22:51:59,foodcourt,14
22:51:59,entrance,28
22:52:00,retail,5
22:52:00,foodcourt,13
22:52:01,entrance,29
22:52:01,retail,8
22:52:02,foodcourt,14
22:52:02,retail,9
22:52:03,entrance,28
22:52:03,foodcourt,15
22:52:04,retail,11
22:52:04,entrance,27
22:52:05,foodcourt,14
22:52:05,retail,10
22:52:06,entrance,25
22:52:06,foodcourt,15
22:52:07,entrance,25
22:52:07,retail,8
22:52:08,foodcourt,16
22:52:08,retail,7
22:52:08,entrance,27
22:52:09,foodcourt,14
22:52:10,retail,9
22:52:10,entrance,26
22:52:10,foodcourt,15
22:52:11,retail,6
22:52:11,entrance,28
22:52:12,foodcourt,16
22:52:12,retail,8
22:52:13,entrance,29
22:52:13,foodcourt,17
22:52:14,retail,7
22:52:14,entrance,29
22:52:15,foodcourt,16
22:52:15,retail,7
22:52:16,foodcourt,15
22:52:16,retail,7
22:52:17,foodcourt,13
22:55:17,foodcourt,13
22:55:17,entrance,27
22:55:18,retail,6
22:55:18,foodcourt,12
22:55:19,entrance,25
22:55:19,retail,3
22:55:20,foodcourt,13
22:55:20,retail,4
22:55:20,entrance,27
22:55:21,foodcourt,13
22:55:21,retail,4
22:55:22,entrance,27
22:55:22,foodcourt,14
22:55:23,retail,4
22:55:23,entrance,28
22:55:24,foodcourt,13
22:55:24,retail,5
22:55:25,entrance,29
22:55:25,foodcourt,14
22:55:26,retail,8
22:55:26,entrance,27
22:55:27,foodcourt,15
22:55:27,retail,9
22:55:28,entrance,27
22:55:28,foodcourt,14
22:55:29,retail,11
22:55:29,entrance,26
22:55:30,foodcourt,15
22:55:31,entrance,25
22:55:31,retail,10
22:55:31,foodcourt,16
22:55:32,entrance,25
22:55:33,retail,8
22:55:33,entrance,22
22:55:34,retail,7
22:55:35,retail,8
23:00:33,entrance,25
23:00:34,entrance,27
23:00:35,entrance,28
23:00:36,entrance,29
23:00:38,entrance,27
23:00:39,entrance,22
23:00:40,entrance,25
23:00:41,entrance,29
23:00:42,entrance,28
23:00:44,entrance,27
23:00:45,entrance,31
23:00:46,entrance,33
23:00:47,entrance,27
23:00:48,entrance,27
23:00:48,retail,6
23:00:49,entrance,25
23:00:50,retail,4
23:00:51,retail,4
23:00:51,entrance,27
23:00:52,retail,4
23:00:52,entrance,26
23:00:53,retail,7
23:00:54,entrance,26
23:00:54,retail,9
23:00:55,entrance,24
23:00:56,retail,10
23:00:57,entrance,24
23:00:57,retail,8
23:00:58,entrance,29
23:00:59,retail,7
23:00:59,entrance,26
23:01:01,retail,9
23:01:01,entrance,26
23:01:02,retail,6
23:01:02,entrance,27
23:01:03,retail,8
23:01:04,entrance,24
23:01:05,retail,9
23:01:05,foodcourt,13
23:01:05,entrance,26
23:01:06,retail,7
23:01:06,foodcourt,12
23:01:07,entrance,28
23:01:07,retail,9
23:01:08,foodcourt,13
23:01:09,entrance,26
23:01:09,retail,9
23:01:10,entrance,26
23:01:10,foodcourt,13
23:01:11,retail,8
23:01:11,entrance,26
23:01:12,foodcourt,14
23:01:12,retail,8
23:01:13,foodcourt,13
23:01:13,entrance,26
23:01:15,foodcourt,14
23:04:57,entrance,27
23:04:57,foodcourt,13
23:04:57,retail,6
23:04:58,entrance,25
23:04:58,foodcourt,12
23:04:59,retail,3
23:04:59,foodcourt,13
23:05:00,entrance,27
23:05:00,retail,4
23:05:01,foodcourt,11
23:05:02,retail,4
23:05:02,entrance,27
23:05:02,foodcourt,12
23:05:03,retail,4
23:05:03,foodcourt,13
23:05:03,entrance,28
23:05:04,retail,5
23:05:05,foodcourt,14
23:05:05,entrance,29
23:05:06,retail,7
23:05:06,foodcourt,14
23:05:07,entrance,27
23:05:08,retail,9
23:05:08,entrance,28
23:05:09,entrance,27
23:05:09,retail,11
23:05:10,entrance,25
23:05:11,retail,8
23:14:20,entrance,36
23:14:21,retail,9
23:14:23,entrance,38
23:14:23,foodcourt,19
23:14:25,retail,8
23:14:26,entrance,36
23:14:27,foodcourt,15
23:14:28,retail,9
23:14:29,entrance,36
23:14:30,foodcourt,20
23:14:31,retail,8
23:14:33,entrance,36
23:14:33,foodcourt,16
23:14:35,retail,12
23:14:36,entrance,35
23:14:37,foodcourt,19
23:14:38,retail,14
23:14:39,entrance,35
23:14:40,foodcourt,16
23:14:41,retail,14
23:14:43,entrance,34
23:14:43,foodcourt,18
23:14:45,retail,11
23:14:46,entrance,37
23:14:47,foodcourt,18
23:14:48,retail,11
23:14:49,entrance,38
23:14:50,foodcourt,18
23:14:51,retail,11
23:14:53,entrance,40
23:14:54,foodcourt,18
23:34:40,entrance,36
23:34:43,entrance,35
23:34:46,entrance,34
23:34:50,entrance,37
23:34:53,entrance,40
23:34:56,entrance,41
23:34:59,entrance,40
23:35:02,entrance,36
23:35:05,entrance,33
23:35:08,entrance,32
23:35:11,entrance,32
23:35:14,entrance,29
23:35:18,entrance,29
23:35:21,entrance,31
23:35:24,entrance,30
23:35:27,entrance,28
23:35:30,entrance,26
23:35:33,entrance,27
23:35:36,entrance,28
23:35:39,entrance,31
23:35:42,entrance,32
23:35:45,entrance,31
23:35:49,entrance,30
23:37:13,entrance,36
23:37:14,retail,9
23:37:15,foodcourt,15
23:37:16,entrance,36
23:37:17,retail,8
23:37:19,foodcourt,16
23:37:19,entrance,35
23:37:20,retail,8
23:37:22,foodcourt,16
23:37:23,entrance,38
23:37:23,retail,13
23:37:25,foodcourt,19
23:37:26,entrance,34
23:37:26,retail,14
23:37:28,foodcourt,19
23:37:29,entrance,34
23:37:30,retail,14
23:37:31,foodcourt,18
23:37:32,entrance,37
23:37:33,retail,10
23:37:34,foodcourt,18
23:37:35,entrance,39
23:37:36,retail,9
23:37:37,foodcourt,20
23:37:38,entrance,40
23:37:39,retail,10
23:37:41,foodcourt,19
23:37:42,entrance,38
23:37:42,retail,11
23:37:44,foodcourt,18
23:37:45,entrance,41
23:37:46,retail,13
23:37:47,foodcourt,17
23:37:48,entrance,41
23:37:49,retail,11
23:37:50,foodcourt,18
23:37:51,entrance,39
23:37:52,retail,10
23:37:54,foodcourt,17
23:37:54,entrance,37
23:37:55,retail,12
23:37:57,foodcourt,17
23:37:58,entrance,34
23:37:58,retail,12
23:38:00,foodcourt,16
23:38:01,entrance,32
23:38:01,retail,14
23:38:03,foodcourt,16
23:38:05,entrance,34
23:48:27,entrance,37
23:48:28,retail,9
23:48:30,foodcourt,19
23:48:31,entrance,37
23:48:31,retail,8
23:48:34,foodcourt,16
23:48:34,entrance,35
23:48:34,retail,8
23:48:37,foodcourt,20
23:48:37,entrance,35
23:48:37,retail,8
23:48:40,foodcourt,18
23:48:40,entrance,35
23:48:41,retail,13
23:48:43,foodcourt,20
23:48:43,entrance,33
23:48:44,retail,14
23:48:47,foodcourt,18
23:48:47,entrance,34
23:48:47,retail,12
23:48:50,entrance,37
23:48:50,foodcourt,16
23:48:51,retail,11
23:48:53,entrance,39
23:48:54,foodcourt,18
23:48:54,retail,11
23:48:56,entrance,40
23:48:57,foodcourt,20
23:48:58,retail,10
23:48:59,entrance,39
23:49:00,foodcourt,20
23:49:01,retail,11
23:49:03,entrance,38
23:49:04,foodcourt,19
23:49:05,retail,11
23:49:06,entrance,40
23:49:07,foodcourt,18
23:49:08,retail,13
23:49:09,entrance,40
23:49:10,foodcourt,18
23:49:11,retail,11
23:49:12,entrance,40
23:49:13,foodcourt,18
23:49:14,retail,10
23:49:16,entrance,37
23:49:17,foodcourt,17
23:49:17,retail,12
23:49:19,entrance,35
23:49:20,foodcourt,16
23:49:20,retail,13
23:49:22,entrance,32
23:49:23,foodcourt,16
23:49:24,retail,14
23:49:26,entrance,34
23:49:26,foodcourt,17
23:49:27,retail,16
23:49:29,entrance,34
23:49:30,foodcourt,17
23:49:30,retail,17
23:49:32,entrance,32
23:49:33,foodcourt,17
23:49:34,retail,13
23:49:36,entrance,32
23:49:36,foodcourt,17
23:49:37,retail,12
23:49:39,entrance,32
23:49:40,foodcourt,16
23:49:40,retail,13
23:49:42,entrance,29
23:49:43,foodcourt,17
23:49:43,retail,11
23:49:45,entrance,29
23:49:46,foodcourt,16
23:49:47,retail,11
23:49:49,entrance,29
23:49:50,foodcourt,16
23:49:50,retail,12
23:49:52,entrance,30
23:49:53,foodcourt,17
23:49:54,retail,12
23:50:30,entrance,37
23:50:33,retail,9
23:50:34,entrance,36
23:50:34,foodcourt,16
23:50:36,retail,8
23:50:37,entrance,35
23:50:38,foodcourt,16
23:50:39,retail,8
23:50:41,entrance,36
23:50:41,foodcourt,15
23:50:43,retail,8
23:50:44,entrance,35
23:50:45,foodcourt,18
23:50:46,retail,13
23:50:48,entrance,37
23:50:48,foodcourt,20
23:50:49,retail,14
23:50:51,entrance,37
23:50:52,foodcourt,18
23:50:52,retail,12
23:50:54,entrance,38
23:50:55,foodcourt,18
23:50:55,retail,11
23:50:58,entrance,40
23:50:58,foodcourt,18
23:50:59,retail,9
23:51:01,entrance,38
23:51:01,foodcourt,20
23:51:02,retail,13
23:51:04,entrance,41
23:51:05,foodcourt,20
23:51:05,retail,11
23:51:08,entrance,41
23:51:08,retail,13
23:51:08,foodcourt,18
23:51:11,entrance,40
23:51:11,retail,11
23:51:12,foodcourt,18
23:51:14,entrance,38
23:51:15,retail,11
23:51:15,foodcourt,17
23:51:17,entrance,36
23:51:18,retail,10
23:51:18,foodcourt,17
23:51:20,entrance,34
23:51:21,retail,13
23:51:21,foodcourt,16
23:51:24,entrance,30
23:51:24,foodcourt,17
23:51:24,retail,15
23:51:27,entrance,34
23:51:28,retail,16
23:51:28,foodcourt,17
23:51:30,entrance,32
23:51:31,foodcourt,17
23:51:31,retail,16
23:51:33,entrance,33
23:51:34,retail,13
23:51:34,foodcourt,17
23:51:37,entrance,31
23:51:37,retail,12
23:51:37,foodcourt,15
23:51:40,entrance,29
23:51:40,retail,12
23:51:40,foodcourt,17
23:51:43,entrance,29
23:51:44,retail,12
23:51:44,foodcourt,17
23:51:46,entrance,29
00:14:15,entrance,39
00:14:17,retail,9
00:14:17,foodcourt,19
00:14:18,entrance,35
00:14:21,retail,7
00:14:21,foodcourt,16
00:14:23,entrance,37
00:14:24,retail,8
00:14:24,foodcourt,18
00:14:27,entrance,38
00:14:28,retail,8
00:14:28,foodcourt,20
00:14:31,retail,8
00:14:31,foodcourt,16
00:14:32,entrance,36
00:14:34,foodcourt,17
00:14:35,retail,12
00:14:35,entrance,35
00:14:38,foodcourt,19
00:14:38,retail,13
00:14:39,entrance,34
00:14:41,retail,14
00:25:13,entrance,37
00:25:14,retail,9
00:25:15,foodcourt,15
00:25:17,entrance,36
00:25:18,retail,8
00:25:19,foodcourt,15
00:25:21,entrance,36
00:25:22,retail,9
00:25:22,foodcourt,20
00:25:25,entrance,38
00:25:25,retail,8
00:25:26,foodcourt,16
00:25:28,entrance,36
00:25:28,retail,10
00:25:30,foodcourt,18
00:25:32,retail,13
00:25:32,entrance,34
00:25:33,foodcourt,19
00:25:35,retail,14
00:25:37,entrance,35
00:25:38,foodcourt,20
00:29:12,entrance,35
00:29:14,retail,9
00:29:17,entrance,37
00:29:18,retail,7
00:29:19,foodcourt,19
00:29:21,entrance,38
00:29:21,retail,8
00:29:22,foodcourt,16
00:29:25,entrance,36
00:29:25,retail,8
00:29:26,foodcourt,16
00:29:29,entrance,36
00:29:29,retail,8
00:29:30,foodcourt,20
00:29:32,entrance,34
00:29:33,retail,12
00:29:33,foodcourt,16
00:29:36,entrance,35
00:39:19,entrance,35
00:39:19,retail,9
00:39:20,foodcourt,19
00:39:22,entrance,37
00:39:23,retail,8
00:39:24,foodcourt,15
00:39:26,retail,9
00:39:26,entrance,36
00:39:27,foodcourt,18
00:39:29,retail,8
00:39:30,entrance,37
00:39:30,foodcourt,20
00:39:33,retail,8
00:39:34,entrance,36
00:39:34,foodcourt,16
00:39:37,retail,12
00:39:37,foodcourt,18
00:39:37,entrance,36
00:39:40,retail,14
00:39:41,foodcourt,19
00:39:42,entrance,36
00:39:44,retail,13
00:51:01,entrance,37
00:51:03,retail,9
00:51:05,foodcourt,19
00:51:06,entrance,36
00:51:07,retail,9
00:51:09,foodcourt,16
00:51:10,entrance,37
00:51:11,retail,8
00:51:12,foodcourt,18
00:51:13,entrance,38
00:51:14,retail,9
00:51:16,foodcourt,20
00:51:16,entrance,38
00:51:18,retail,8
00:53:43,entrance,37
00:53:46,retail,9
00:53:46,entrance,35
00:53:49,foodcourt,15
00:53:50,retail,8
00:53:50,entrance,36
00:53:52,foodcourt,16
00:53:53,retail,8
00:53:53,entrance,36
00:53:55,foodcourt,16
00:53:56,retail,12
00:53:57,entrance,34
00:53:59,foodcourt,19
00:53:59,retail,14
00:54:00,entrance,35
00:54:02,foodcourt,20
00:54:03,retail,14
00:54:03,entrance,35
00:54:05,foodcourt,18
00:54:07,retail,12
00:54:07,entrance,37
00:54:10,foodcourt,18
00:54:11,retail,10
00:54:11,entrance,38
00:54:13,foodcourt,16
01:01:07,entrance,0
01:01:09,retail,0
01:01:10,entrance,35
01:01:10,foodcourt,0
01:01:12,retail,9
01:01:13,entrance,37
01:01:14,foodcourt,19
01:01:15,retail,7
01:01:16,entrance,35
01:01:17,foodcourt,18
01:01:18,retail,8
01:01:19,entrance,35
01:01:20,foodcourt,20
01:01:21,retail,8
01:01:22,entrance,35
01:01:23,foodcourt,18
01:01:24,retail,14
01:01:25,entrance,34
01:01:26,foodcourt,20
01:01:27,retail,14
01:01:28,entrance,34
01:01:29,foodcourt,16
01:01:30,retail,12
01:01:31,entrance,37
01:01:32,foodcourt,18
01:01:33,retail,11
01:01:34,entrance,39
01:01:35,foodcourt,18
01:01:36,retail,9
01:01:37,entrance,41
01:01:38,foodcourt,20
01:01:39,retail,10
01:01:40,entrance,38
01:01:41,foodcourt,19
01:01:42,retail,11
01:01:43,entrance,41
01:01:44,foodcourt,18
01:01:45,retail,13
01:01:46,entrance,39
01:01:47,foodcourt,17
01:01:48,retail,11
01:01:49,entrance,39
01:01:50,foodcourt,18
01:01:51,retail,10
01:01:52,entrance,39
01:01:53,foodcourt,17
01:01:54,retail,12
01:01:55,entrance,37
01:01:56,foodcourt,17
01:01:57,retail,13
01:01:58,entrance,33
01:01:59,foodcourt,16
01:02:00,retail,13
01:02:01,entrance,32
01:02:02,foodcourt,16
01:02:03,retail,16
01:02:04,entrance,34
01:02:05,foodcourt,17
01:02:06,retail,16
01:02:07,entrance,34
01:02:08,foodcourt,17
01:02:09,retail,16
01:02:10,entrance,32
01:02:11,foodcourt,17
01:02:12,retail,13
01:02:13,entrance,33
01:02:14,foodcourt,17
01:02:15,retail,12
01:02:16,entrance,31
01:02:17,foodcourt,15
01:02:18,retail,13
01:02:19,entrance,30
01:02:20,foodcourt,17
01:02:21,retail,13
01:02:22,entrance,29
01:02:23,foodcourt,17
01:02:24,retail,10
01:03:52,entrance,0
01:03:54,retail,0
01:03:55,entrance,35
01:03:57,foodcourt,0
01:03:57,retail,9
01:03:58,entrance,38
01:04:00,foodcourt,19
01:04:00,retail,8
01:04:01,entrance,36
01:04:03,foodcourt,18
01:04:03,retail,8
01:04:04,entrance,36
01:04:06,foodcourt,16
01:04:06,retail,11
01:04:07,entrance,34
01:04:09,foodcourt,19
01:04:09,retail,13
01:04:10,entrance,37
01:04:12,foodcourt,16
01:04:12,retail,13
01:04:13,entrance,37
01:04:15,foodcourt,18
01:04:16,retail,10
01:04:16,entrance,38
01:04:18,foodcourt,18
01:04:19,retail,11
01:04:19,entrance,38
01:04:21,foodcourt,18
01:04:22,retail,10
01:04:22,entrance,40
01:04:24,foodcourt,20
01:04:25,retail,11
01:04:25,entrance,38
01:04:27,foodcourt,20
01:04:28,retail,12
01:04:28,entrance,41
01:04:30,foodcourt,18
01:04:31,retail,11
01:04:31,entrance,41
01:04:33,foodcourt,18
01:04:34,retail,10
01:04:34,entrance,39
01:04:36,foodcourt,18
01:04:37,retail,11
01:04:37,entrance,37
01:04:39,foodcourt,17
01:04:40,retail,11
01:04:40,entrance,34
01:04:42,foodcourt,16
01:04:43,retail,13
01:04:43,entrance,32
01:04:45,foodcourt,16
01:04:46,retail,16
01:04:46,entrance,34
01:04:48,foodcourt,17
01:04:49,retail,16
01:04:49,entrance,34
01:04:51,foodcourt,17
